system,basis,label,N,variant,raw_dim,eff_dim_11,eff_dim_1000,eff_dim_kron,E_R11,E_R1000,E_kron,E_mono_sum,C_mono,C_rdiff,gap_identity,delta_exact,err_vs_exact_mono,err_vs_exact_rdiff,E_1000_vs_2Emono,E_kron_vs_2Emono,dt_11,dt_1000
H2+H2,sto-3g,STO-3G,1,cross_product,1,1,1,1,0.4736572021426444,0.9185006613374362,0.9185006613374316,0.9185006613374316,-0.4448434591947872,-0.44484345919479185,4.6629367034256575e-15,-0.6710236015315423,0.2261801423367551,0.22618014233675043,4.6629367034256575e-15,0.0,1.0665504826943772,1.3811989110355924
H2+H2,sto-3g,STO-3G,1,joint,1,1,1,1,0.4736572021426444,0.9185006613374362,0.9185006613374316,0.9185006613374316,-0.4448434591947872,-0.44484345919479185,4.6629367034256575e-15,-0.6710236015315423,0.2261801423367551,0.22618014233675043,4.6629367034256575e-15,0.0,1.0665504826943772,1.3811989110355924
H2+H2,sto-3g,STO-3G,2,cross_product,4,4,4,4,-1.1486907608490102,-2.274540349321571,-2.2745403493219323,-2.274540349321814,1.125849588472804,1.1258495884725606,2.433608869978343e-13,-0.6710236015315423,1.7968731900043462,1.7968731900041028,2.433608869978343e-13,-1.1812772982011666e-13,1.0665504826943772,1.3811989110355924
H2+H2,sto-3g,STO-3G,2,joint,2,2,2,2,-0.7011070422285868,-0.6654175193898693,-0.6654175193898761,-2.274540349321814,1.5734333070932274,-0.03568952283871751,1.6091228299319449,-0.6710236015315423,2.2444569086247697,0.6353340786928248,1.6091228299319449,1.609122829931938,1.0665504826943772,1.3811989110355924
H2+H2,sto-3g,STO-3G,3,cross_product,9,9,4,4,-2.8970546845782157,-2.2745403493219722,-2.2745403493217244,-2.274540349321803,-0.6225143352564126,-0.6225143352562434,1.6919798895287386e-13,-0.6710236015315423,0.04850926627512964,0.048509266275298835,-1.6919798895287386e-13,7.860379014346108e-14,1.0665504826943772,1.3811989110355924
H2+H2,sto-3g,STO-3G,3,joint,3,3,3,3,-1.133413215536516,-2.274540349321568,-2.27454034932136,-2.274540349321803,1.141127133785287,1.1411271337850522,2.349231920106831e-13,-0.6710236015315423,1.8121507353168294,1.8121507353165944,2.349231920106831e-13,4.432010314303625e-13,1.0665504826943772,1.3811989110355924
H2+H2,sto-3g,STO-3G,4,cross_product,16,10,4,4,-2.9455639508530895,-2.2745403493218745,-2.274540349321933,-2.2745403493218075,-0.671023601531282,-0.671023601531215,6.705747068735946e-14,-0.6710236015315423,2.602362769721367e-13,3.2729374765949615e-13,-6.705747068735946e-14,-1.2567724638756772e-13,1.0665504826943772,1.3811989110355924
H2+H2,sto-3g,STO-3G,4,joint,4,4,3,3,-2.074636511415806,-2.274540349321366,-2.2745403493219096,-2.2745403493218075,0.1999038379060014,0.19990383790556,4.4142467459096224e-13,-0.6710236015315423,0.8709274394375437,0.8709274394371023,4.4142467459096224e-13,-1.021405182655144e-13,1.0665504826943772,1.3811989110355924
H2+H2,sto-3g,STO-3G,5,cross_product,25,10,4,4,-2.9455639508532956,-2.2745403493217724,-2.274540349321867,-2.274540349321802,-0.6710236015314934,-0.6710236015315232,2.9753977059954195e-14,-0.6710236015315423,4.884981308350689e-14,1.9095836023552692e-14,2.9753977059954195e-14,-6.483702463810914e-14,1.0665504826943772,1.3811989110355924
H2+H2,sto-3g,STO-3G,5,joint,5,5,3,3,-2.716844533658236,-2.274540349321553,-2.274540349321988,-2.274540349321802,-0.4423041843364337,-0.44230418433668284,2.4913404672588513e-13,-0.6710236015315423,0.22871941719510858,0.22871941719485944,2.4913404672588513e-13,-1.8562928971732617e-13,1.0665504826943772,1.3811989110355924
H2+H2,sto-3g,STO-3G,6,cross_product,36,10,4,4,-2.945563950853347,-2.2745403493217924,-2.2745403493218443,-2.274540349321804,-0.6710236015315432,-0.6710236015315547,1.1546319456101628e-14,-0.6710236015315423,8.881784197001252e-16,1.2434497875801753e-14,1.1546319456101628e-14,-4.04121180963557e-14,1.0665504826943772,1.3811989110355924
H2+H2,sto-3g,STO-3G,6,joint,6,6,3,3,-2.9419670015441004,-2.2745403493216774,-2.2745403493219483,-2.274540349321804,-0.6674266522222965,-0.667426652222423,1.2656542480726785e-13,-0.6710236015315423,0.0035969493092458116,0.003596949309119246,1.2656542480726785e-13,-1.4432899320127035e-13,1.0665504826943772,1.3811989110355924
H2+H2,sto-3g,STO-3G,7,cross_product,49,10,4,4,-2.945563950853331,-2.2745403493218124,-2.2745403493218124,-2.2745403493218035,-0.6710236015315276,-0.6710236015315187,8.881784197001252e-15,-0.6710236015315423,1.4654943925052066e-14,2.353672812205332e-14,-8.881784197001252e-15,-8.881784197001252e-15,1.0665504826943772,1.3811989110355924
H2+H2,sto-3g,STO-3G,7,joint,7,7,3,3,-2.945563950853268,-2.2745403493215823,-2.2745403493218057,-2.2745403493218035,-0.6710236015314646,-0.6710236015316857,2.2115642650533118e-13,-0.6710236015315423,7.771561172376096e-14,1.4344081478157023e-13,2.2115642650533118e-13,-2.220446049250313e-15,1.0665504826943772,1.3811989110355924
H2+H2,sto-3g,STO-3G,8,cross_product,64,10,4,4,-2.9455639508533524,-2.274540349321817,-2.2745403493218306,-2.274540349321803,-0.6710236015315494,-0.6710236015315356,1.3766765505351941e-14,-0.6710236015315423,7.105427357601002e-15,6.661338147750939e-15,-1.3766765505351941e-14,-2.7533531010703882e-14,1.0665504826943772,1.3811989110355924
H2+H2,sto-3g,STO-3G,8,joint,8,7,3,3,-2.945563950853205,-2.2745403493219847,-2.2745403493216942,-2.274540349321803,-0.671023601531402,-0.6710236015312203,1.816324868286756e-13,-0.6710236015315423,1.4033219031261979e-13,3.219646771412954e-13,-1.816324868286756e-13,1.0880185641326534e-13,1.0665504826943772,1.3811989110355924
H2+H2,sto-3g,STO-3G,9,cross_product,81,10,4,4,-2.9455639508533413,-2.274540349321806,-2.2745403493218155,-2.274540349321803,-0.6710236015315383,-0.6710236015315352,3.1086244689504383e-15,-0.6710236015315423,3.9968028886505635e-15,7.105427357601002e-15,-3.1086244689504383e-15,-1.2434497875801753e-14,1.0665504826943772,1.3811989110355924
H2+H2,sto-3g,STO-3G,9,joint,9,7,3,3,-2.9455639508532516,-2.2745403493219225,-2.2745403493217218,-2.274540349321803,-0.6710236015314486,-0.6710236015313291,1.1945999744966684e-13,-0.6710236015315423,9.370282327836321e-14,2.1316282072803006e-13,-1.1945999744966684e-13,8.126832540256146e-14,1.0665504826943772,1.3811989110355924
H2+H2,sto-3g,STO-3G,10,cross_product,100,10,4,4,-2.9455639508533484,-2.2745403493218226,-2.2745403493218053,-2.274540349321805,-0.6710236015315436,-0.6710236015315258,1.7763568394002505e-14,-0.6710236015315423,1.3322676295501878e-15,1.6431300764452317e-14,-1.7763568394002505e-14,-4.440892098500626e-16,1.0665504826943772,1.3811989110355924
H2+H2,sto-3g,STO-3G,10,joint,10,7,3,3,-2.9455639508533444,-2.2745403493218745,-2.2745403493216894,-2.274540349321805,-0.6710236015315396,-0.6710236015314699,6.972200594645983e-14,-0.6710236015315423,2.6645352591003757e-15,7.238654120556021e-14,-6.972200594645983e-14,1.1546319456101628e-13,1.0665504826943772,1.3811989110355924
H2+H2,6-31g,6-31G,1,cross_product,1,1,1,1,3.338589419823591,3.7657654069351993,3.765765406934885,3.765765406934885,-0.4271759871112941,-0.42717598711160853,3.1441516057384433e-13,-0.7905995204862348,0.3634235333749407,0.3634235333746263,3.1441516057384433e-13,0.0,0.7461543343877661,0.8163604784911013
H2+H2,6-31g,6-31G,1,joint,1,1,1,1,3.338589419823591,3.7657654069351993,3.765765406934885,3.765765406934885,-0.4271759871112941,-0.42717598711160853,3.1441516057384433e-13,-0.7905995204862348,0.3634235333749407,0.3634235333746263,3.1441516057384433e-13,0.0,0.7461543343877661,0.8163604784911013
H2+H2,6-31g,6-31G,2,cross_product,4,4,4,4,1.16369857267008,-0.05356603814775051,-0.05356603736227786,-0.05356603735014689,1.217264610020227,1.2172646108178304,7.976035387713409e-10,-0.7905995204862348,2.0078641305064617,2.007864131304065,-7.976036220380678e-10,-1.213096983976314e-11,0.7461543343877661,0.8163604784911013
H2+H2,6-31g,6-31G,2,joint,2,2,2,2,2.1910386308729413,1.8581444414150654,1.8581444420820006,-0.05356603735014689,2.2446046682230882,0.33289418945787586,1.9117104787652124,-0.7905995204862348,3.035204188709323,1.1234937099441107,1.9117104787652124,1.9117104794321476,0.7461543343877661,0.8163604784911013
H2+H2,6-31g,6-31G,3,cross_product,9,9,9,9,-0.903488946880089,-1.4532386034239309,-1.4532386027983382,-1.4532386029005133,0.5497496560204244,0.5497496565438419,5.234175315393941e-10,-0.7905995204862348,1.3403491765066593,1.3403491770300766,-5.234175315393941e-10,1.0217515722388271e-10,0.7461543343877661,0.8163604784911013
H2+H2,6-31g,6-31G,3,joint,3,3,3,3,1.1679302516049404,1.0721018989324234,1.0721018992222369,-1.4532386029005133,2.621168854505454,0.09582835267251699,2.525340501832937,-0.7905995204862348,3.4117683749916887,0.8864278731587518,2.525340501832937,2.5253405021227504,0.7461543343877661,0.8163604784911013
H2+H2,6-31g,6-31G,4,cross_product,16,16,16,16,-2.412719339468453,-2.299282194069931,-2.2992821889059827,-2.2992821925187226,-0.1134371469497304,-0.1134371453985219,1.551208494987577e-09,-0.7905995204862348,0.6771623735365044,0.6771623750877129,-1.551208494987577e-09,3.6127398850283043e-09,0.7461543343877661,0.8163604784911013
H2+H2,6-31g,6-31G,4,joint,4,4,4,4,0.3207866795922559,0.4284308139419404,0.42843081400810346,-2.2992821925187226,2.6200688721109784,-0.1076441343496845,2.7277130064606627,-0.7905995204862348,3.410668392597213,0.6829553861365503,2.7277130064606627,2.727713006526826,0.7461543343877661,0.8163604784911013
H2+H2,6-31g,6-31G,5,cross_product,25,25,24,24,-2.939735786089998,-2.3032896324357317,-2.3032896271710293,-2.3033008207675234,-0.6364349653224748,-0.6364461536542665,1.1188331791700534e-05,-0.7905995204862348,0.15416455516376004,0.15415336683196834,1.1188331791700534e-05,1.1193596494152303e-05,0.7461543343877661,0.8163604784911013
H2+H2,6-31g,6-31G,5,joint,5,5,5,5,-0.22408604260308473,-0.8105152030566385,-0.8105152022724005,-2.3033008207675234,2.0792147781644386,0.5864291604535538,1.4927856177108847,-0.7905995204862348,2.8698142986506734,1.3770286809397887,1.492785617710885,1.492785618495123,0.7461543343877661,0.8163604784911013
H2+H2,6-31g,6-31G,6,cross_product,36,36,31,31,-3.064282686505525,-2.30326242712958,-2.3032624272886495,-2.3033654642235963,-0.7609172222819285,-0.761020259375945,0.0001030370940164893,-0.7905995204862348,0.029682298204306345,0.029579261110289856,0.0001030370940164893,0.00010303693494684296,0.7461543343877661,0.8163604784911013
H2+H2,6-31g,6-31G,6,joint,6,6,6,6,-0.8080226972181698,-1.2225772233966858,-1.2225772202777352,-2.3033654642235963,1.4953427670054267,0.41455452617851607,1.0807882408269105,-0.7905995204862348,2.2859422874916615,1.205154046664751,1.0807882408269105,1.0807882439458611,0.7461543343877661,0.8163604784911013
H2+H2,6-31g,6-31G,7,cross_product,49,48,33,33,-3.0858252094378607,-2.303362790280289,-2.30336279036968,-2.3033654642191914,-0.7824597452186692,-0.7824624191575715,2.6739389022978344e-06,-0.7905995204862348,0.008139775267565597,0.008137101328663299,2.6739389022978344e-06,2.6738495115807837e-06,0.7461543343877661,0.8163604784911013
H2+H2,6-31g,6-31G,7,joint,7,7,7,7,-1.14625552846311,-1.4143015894374473,-1.4143015890359618,-2.3033654642191914,1.1571099357560815,0.26804606097433736,0.8890638747817441,-0.7905995204862348,1.9477094562423163,1.0586455814605722,0.8890638747817441,0.8890638751832296,0.7461543343877661,0.8163604784911013
H2+H2,6-31g,6-31G,8,cross_product,64,60,35,35,-3.0915308541707036,-2.303365405290338,-2.303365405189694,-2.3033654642196617,-0.7881653899510419,-0.7881654488803655,5.892932364304215e-08,-0.7905995204862348,0.0024341305351929243,0.0024340716058692813,5.892932364304215e-08,5.902996758067047e-08,0.7461543343877661,0.8163604784911013
H2+H2,6-31g,6-31G,8,joint,8,8,8,8,-1.2857319151790878,-2.139199539707481,-2.1391995397191517,-2.3033654642196617,1.017633549040574,0.8534676245283932,0.1641659245121807,-0.7905995204862348,1.8082330695268087,1.644067145014628,0.1641659245121807,0.16416592450051004,0.7461543343877661,0.8163604784911013
H2+H2,6-31g,6-31G,9,cross_product,81,71,35,35,-3.093415159031351,-2.3033652933296986,-2.3033652933282753,-2.3033654642198114,-0.7900496948115396,-0.7900498657016524,1.7089011272730659e-07,-0.7905995204862348,0.0005498256746951924,0.0005496547845824651,1.7089011272730659e-07,1.7089153603322416e-07,0.7461543343877661,0.8163604784911013
H2+H2,6-31g,6-31G,9,joint,9,9,9,9,-1.4321434387864067,-2.2834796922253795,-2.2834796924804963,-2.3033654642198114,0.8712220254334047,0.8513362534389728,0.019885771994431867,-0.7905995204862348,1.6618215459196395,1.6419357739252076,0.019885771994431867,0.01988577173931505,0.7461543343877661,0.8163604784911013
H2+H2,6-31g,6-31G,10,cross_product,100,83,36,36,-3.0938043116692135,-2.3033654642070363,-2.3033654642027135,-2.303365464219821,-0.7904388474493924,-0.7904388474621773,1.2784884262373453e-11,-0.7905995204862348,0.00016067303684241807,0.0001606730240575338,1.2784884262373453e-11,1.7107648631053962e-11,0.7461543343877661,0.8163604784911013
H2+H2,6-31g,6-31G,10,joint,10,10,10,10,-1.8459879755868371,-2.301794431477803,-2.3017944316663965,-2.303365464219821,0.457377488632984,0.4558064558909658,0.0015710327420181969,-0.7905995204862348,1.2479770091192188,1.2464059763772006,0.0015710327420181969,0.0015710325534246117,0.7461543343877661,0.8163604784911013
